username,first_name,last_name,dob,gender,profession
john,John,Doe,1984-04-06,male,turner
jane,Jane,Smith,1983-12-06,female,smith
alex,Alex,Johnson,1989-01-13,male,baker
user1,User,One,1993-07-12,male,policeman
user2,User2,Tow,1996-01-23,female,teacher
user3,User3,Three,1992-02-18,female,baker
user4,User4,Four,1986-02-19,male,turner
user5,User5,Five,1987-09-26,male,smith
user6,User6,Six,1988-01-11,male,policeman
user7,User7,Sevent,1996-10-28,male,smith
user8,User8,Eight,1995-11-13,male,teacher
user9,User9,Nine,1993-03-23,female,baker
user10,User10,Ten,1997-08-03,female,turner
user11,User11,Eleven,1994-08-03,male,smith
user12,User12,Twelve,1988-02-15,male,policeman